<?xml version="1.0" encoding="UTF-8"?>
<server rootURL="http://localhost:8112" uuid="cf20aa4d-b7f2-41f3-a40d-a030793e339a">
  <version number="915" />
  <connected-servers />
  <vcs-settings modification-check-interval="60" quiet-period="60" />
  <comment-transformation>
    <transformation-pattern search="((https?://|ftp://|file://|mailto:)[\w`~@#$%^&amp;*\-=|/{}()\[\];:'?\.\+!,\\]+(?&lt;=[^\.,:;&quot;'`\)\]}]))" replace="&lt;a target=&quot;_blank&quot; rel=&quot;noreferrer&quot; title=&quot;Click to open this link in a new window&quot; href=&quot;$1&quot;&gt;$1&lt;/a&gt;" description="Links transformation" />
    <transformation-pattern search="(&#xD;?&#xA;|&#xD;)" replace="&lt;br/&gt;" description="Line feed transformation" />
  </comment-transformation>
  <artifacts maxArtifactSize="314572800" artifact-paths="system/artifacts" />
  <build-settings executionTimeout="0" />
  <db-compact enabled="true">
    <scheduler hour="3" minute="0" />
  </db-compact>
</server>

